question_id,year,question_number,question_text,current_topics,suggested_topic,confidence,reason,status
569,2015,26,国家公務員に対する制裁措置に関する次の記述のうち、正しいものはどれか。,"['行政行為', '行政裁量']",不利益処分,100,国家公務員への制裁は行政手続法上の不利益処分に該当する。,auto_reclassify
570,2015,27,"制限行為能力者に関する次の記述のうち、民法の規定に照らし、正しいものの組合せはどれか。
ア．家庭裁判所が後見開始の審判をするときには、成年被後見人に成年後見人を",['意思表示'],権利能力・意思能力・行為能力,100,成年後見制度全般を行為能力として問う問題,auto_reclassify
572,2015,29,甲土地を所有するAとその隣地の乙土地を所有するBとの間の相隣関係に関する記述のうち、民法の規定に照らし、正しいものはどれか。なお、次の各場合において、別段の慣習,['物権変動'],所有権,100,相隣関係は民法物権編の所有権の章に規定されるため。,auto_reclassify
573,2015,30,留置権に関する次の記述のうち、民法の規定および判例に照らし、妥当でないものはどれか。,['抵当権'],留置権,100,「留置権」が問題の主題であり、完全に一致する項目があるため。,auto_reclassify
574,2015,32,AがBに対して電器製品を売却する旨の売買契約（両債務に関する履行期日は同一であり、AがBのもとに電器製品を持参する旨が約されたものとする。以下、「本件売買契約」,['契約総論'],売買,100,問題文が「売買契約」と明示しており、最も具体的。,auto_reclassify
576,2015,34,A（3歳）は母親Bが目を離した隙に、急に道路へ飛び出し、Cの運転するスピード違反の自動車に轢（ひ）かれて死亡した。CがAに対して負うべき損害賠償額（以下、「本件,"['親族', '相続']",不法行為,100,交通事故による損害賠償額算定は不法行為の典型,auto_reclassify
577,2015,37,"株式会社の設立に関する次のア～オの記述のうち、会社法の規定に照らし、妥当なものの組合せはどれか。
ア．発起人は、設立時発行株式を引き受ける者の募集をする旨を定め",['株式'],株式会社の設立,100,会社法の「株式会社の設立」に関する直接的な問題であるため。,auto_reclassify
579,2015,39,種類株式発行会社ではない取締役会設置会社で、複数の監査役が選任されている監査役設置会社の監査役の選任および解任に関する次の記述のうち、会社法の規定に照らし、誤っ,['株式'],機関（監査役等）,100,会社法の監査役の選任・解任に関する問題,auto_reclassify
580,2015,40,次の事項のうち、会社法の規定に照らし、登記を必要とする事項はどれか。,"['株式', '持分会社']",株式会社の設立,100,会社法における登記制度の根幹であり、設立登記は会社の成立要件であるため。,auto_reclassify
582,2015,42,"次の文章の空欄［ ア ］～［ エ ］にあてはまる語句を、枠内の選択肢（1～20）から選びなさい。


［ ア ］は、［ イ ］ではないから、抗告訴訟はもちろん、",['行政行為'],行政指導,100,行政指導の法的性質と行政手続法による規律が中心,auto_reclassify
583,2015,43,"次の文章は、ある最高裁判所判決の一節である。空欄［ ア ］～［ エ ］にあてはまる語句を、枠内の選択肢（1～20）から選びなさい。



建築確認申請に係る建築","['行政行為', '取消訴訟']",行政指導,100,問題文は行政指導の適法性と限界を論じる判例であるため。,auto_reclassify
584,2015,44,Xは、Y県内で開発行為を行うことを計画し、Y県知事に都市計画法に基づく開発許可を申請した。しかし、知事は、この開発行為によりがけ崩れの危険があるなど、同法所定の,['行政行為'],取消訴訟,100,裁決取消訴訟の被告適格と原処分主義は取消訴訟の重要論点。,auto_reclassify
585,2015,45,権原の性質上、占有者に所有の意思のない他主占有が、自主占有に変わる場合として2つの場合がある。民法の規定によると、ひとつは、他主占有者が自己に占有させた者に対し,['意思表示'],占有権,100,他主占有から自主占有への転換は占有権の核心的知識,auto_reclassify
586,2015,46,AとBは婚姻し、3年後にBが懐胎したが、その頃から両者は不仲となり別居状態となり、その後にCが出生した。Bは、AにCの出生を知らせるとともに、Aとの婚姻関係を解,"['意思表示', '相続']",親族,100,嫡出推定・否認は親族法の核心論点。,auto_reclassify
588,2015,48,日本の選挙に関する次の記述のうち、誤っているものはどれか。,['政治'],参政権,100,「選挙」は憲法上の参政権の主要な内容であるため。,auto_reclassify
589,2015,49,日本の貧困ならびに生活困窮に関する次の記述のうち、妥当なものはどれか。,"['政治', '経済']",社会,98,貧困・生活困窮は社会情勢・福祉に関する問題,auto_reclassify
590,2015,50,今日の日本経済に関する次の記述のうち、妥当なものはどれか。,"['政治', '情報通信']",経済,100,一般知識の経済分野に直接該当するため,auto_reclassify
591,2015,51,いわゆる空き家に関する次の記述のうち、妥当なものはどれか。,['情報通信'],行政行為,95,空き家特措法は行政行為（命令・代執行）が中心,auto_reclassify
593,2015,53,"日本における高齢者（65歳以上）に関する次のア～エの記述のうち、誤っているものの組合せはどれか。
ア．令和6（2024）年10月1日現在の高齢者人口は、人口全体",['情報通信'],社会,100,高齢者人口や犯罪統計など社会情勢を問う,auto_reclassify
596,2015,56,"行政機関個人情報保護法* に関する次の記述のうち、正しいものの組合せはどれか。
ア．この法律は、行政機関ではない会計検査院には適用されない。
イ．この法律は、行",['文章理解'],個人情報保護,100,行政機関個人情報保護法の内容を直接問う問題,auto_reclassify
597,2015,57,位置情報に関する次の記述のうち、明らかに妥当でないものはどれか。,"['政治', '文章理解']",個人情報保護,98,位置情報は個人情報保護法の主要な対象であり、一般知識の頻出テーマ。,auto_reclassify
497,2016,1,"次の文章は、裁判員制度に関する最高裁判所判決の一節（一部を省略）である。

空欄［　ア　］～［　エ　］にあてはまる語句の組合せとして、妥当なものはどれか。
裁判",['法の分類・効力'],裁判所,100,裁判員制度の合憲性判断で裁判所の役割を論じているため。,auto_reclassify
498,2016,2,"法律の形式に関する次のア～オの記述のうち、現在の立法実務の慣行に照らし、妥当でないものの組合せはどれか。
ア．法律は、「条」を基本的単位として構成され、漢数字に","['法の解釈', '裁判制度']",法の分類・効力,85,法律の形式・構成は広義の法の分類に含まれるため,auto_reclassify
205,2016,3,（平成28年度 問3）基本的人権に関する次の記述のうち、最高裁判所の判例に照らし、妥当でないものはどれか。,['精神的自由'],人権総論,100,問題文が基本的人権全般を問うため、人権総論が最も適切。,auto_reclassify
500,2016,5,立法に関する次の記述のうち、必ずしも憲法上明文では規定されていないものはどれか。,"['人権総論', '社会権']",国会,100,立法に関する憲法上の規定は国会に集約されるため。,auto_reclassify
501,2016,6,信教の自由・政教分離に関する次の記述のうち、最高裁判所の判例に照らし、最も妥当なものはどれか。,"['国会', '内閣']",精神的自由,100,信教の自由・政教分離は精神的自由権の主要な内容,auto_reclassify
502,2016,7,法の下の平等に関する次の記述のうち、最高裁判所の判例に照らし、妥当でないものはどれか。,['国会'],法の下の平等,100,憲法14条の直接的なテーマであり、判例知識が問われる。,auto_reclassify
504,2016,9,行政裁量に関する最高裁判所の判例について、次の記述のうち、誤っているものはどれか。なお、制度は、判決当時のものである。,"['法律による行政の原理', '行政立法']",行政裁量,100,問題文の核心概念とトピックが完全に一致,auto_reclassify
505,2016,10,"次のア～エの記述のうち、法令および最高裁判所判例に照らし、正しいものの組合せはどれか。
ア．行政処分の取消訴訟において、処分取消判決が確定したときであっても、同",['法律による行政の原理'],取消訴訟,98,取消訴訟と他訴訟の違法性判断の関連が問われているため。,auto_reclassify
206,2016,11,行政手続法が定める適用範囲・総則に関する次の記述のうち、正しいものはどれか。,"['申請に対する処分', '聴聞']",行政行為,85,行政手続法の適用範囲・総則は、行政行為の一般原則に密接に関連するため。,auto_reclassify
506,2016,12,行政手続法が定める行政庁等の義務（必ず行わなければならない法令上の義務）と努力義務に関する次の記述のうち、誤っているものはどれか。,"['申請に対する処分', '聴聞']",不利益処分,95,行政手続法における行政庁の義務と努力義務の区別は、特に不利益処分に関する規定で頻繁に問われるため、最も適切かつ具体的な項目です。,auto_reclassify
207,2016,13,行政手続法が定める行政指導・意見公募に関する次の記述のうち、正しいものはどれか。,"['行政指導', '審査請求']",意見公募手続,95,問題文が行政手続法に限定し、意見公募手続は同法固有の制度であるため。,auto_reclassify
208,2016,15,行政不服審査法が定める審理員・裁決に関する次の記述のうち、正しいものはどれか。,"['審査請求', '取消訴訟']",裁決,95,問題文が「審理員・裁決」と両方を明示。裁決は最終判断であり、より包括的。,auto_reclassify
508,2016,16,行政不服審査法の定める審査請求に対する裁決に関する次の記述のうち、正しいものはどれか。,"['審査請求', '取消訴訟']",裁決,100,問題文が行政不服審査法の裁決に限定しているため,auto_reclassify
209,2016,17,行政事件訴訟法が定める取消訴訟に関する次の記述のうち、正しいものはどれか。,"['義務付け訴訟', '国家賠償（2条）']",取消訴訟,100,行政事件訴訟法の取消訴訟を問う,auto_reclassify
512,2016,21,損失補償に関する次の記述のうち、法令および最高裁判所の判例に照らし、妥当なものはどれか。,"['国家賠償（1条）', '地方公共団体の組織']",損失補償,100,行政法上の損失補償の概念・判例を問うため,auto_reclassify
515,2016,24,地方財務に関する次の記述のうち、法令および最高裁判所の判例に照らし、誤っているものはどれか。,"['地方公共団体の組織', '長の権限']",住民監査請求・住民訴訟,95,地方自治法における財務の健全性を住民が監視する制度。,auto_reclassify
516,2016,25,上水道の利用関係について、最高裁判所の判例に照らし、妥当な記述はどれか。,['行政行為'],公の施設,100,上水道は地方自治法上の公の施設であり判例多数,auto_reclassify
517,2016,26,いわゆる朝日訴訟最高裁判所大法廷判決（最大判昭和42年5月24日民集21巻5号1043頁）の事案は、次のようなものであった。この判決の結論のうち、正しいものはど,"['行政行為', '行政裁量']",社会権,100,憲法25条の生存権の法的性格が主要論点,auto_reclassify
518,2016,27,AのBに対する甲債権につき消滅時効が完成した場合における時効の援用権者に関する次のア～オの記述のうち、民法の規定および判例に照らし、誤っているものの組合せはどれ,['意思表示'],時効,100,消滅時効の援用権者に関する民法総則の典型論点。,auto_reclassify
520,2016,29,A、BおよびCが甲土地を共有し、甲土地上には乙建物が存在している。この場合に関する次のア～オの記述のうち、民法の規定および判例に照らし、正しいものの組合せはどれ,['物権変動'],所有権,98,問題全体が共有物に関する所有権の諸側面を問うているため。,auto_reclassify
521,2016,30,不動産先取特権に関する次の記述のうち、民法の規定に照らし、誤っているものはどれか。,['抵当権'],先取特権,100,民法の担保物権である先取特権が直接問われているため,auto_reclassify
522,2016,32,債権者代位権または詐害行為取消権に関する次の記述のうち、民法の規定および判例に照らし、正しいものはどれか。,['契約総論'],債権者代位権,90,問題文が「債権者代位権または詐害行為取消権」と明示。両者を包含する上位項目がないため、最初に挙げられた「債権者代位権」を選択。,auto_reclassify
523,2016,33,債務不履行責任に関する次の記述のうち、民法の規定および判例に照らし、妥当でないものはどれか。,"['契約総論', '不法行為']",債務不履行,100,問題文が「債務不履行責任」を直接問うているため。,auto_reclassify
524,2016,34,"不法行為に基づく損害賠償に関する次のア～オの記述のうち、民法の規定および判例に照らし、正しいものの組合せはどれか。
ア．使用者Aが、その事業の執行につき行った被","['親族', '相続']",不法行為,100,不法行為の特殊類型と求償が問われているため,auto_reclassify
525,2016,37,"株式会社の設立における出資の履行等に関する次のア～オの記述のうち、会社法の規定に照らし、妥当でないものの組合せはどれか。
ア．株式会社の定款には、株式会社の設立",['株式'],株式会社の設立,100,株式会社の設立における出資履行に関する条文知識を問う問題,auto_reclassify
527,2016,39,監査等委員会設置会社または指名委員会等設置会社に関する次の記述のうち、会社法の規定に照らし、誤っているものはどれか。,"['株式会社の設立', '株式']",機関（監査役等）,100,監査等委員会設置会社等の監査機関に関する問題,auto_reclassify
529,2016,41,"次の文章は、最高裁判所判決の一節である。空欄［ ア ］～［ エ ］に当てはまる語句を、枠内の選択肢（1～20）から選びなさい。


憲法二一条二項前段は、「検閲","['人権総論', '国会']",精神的自由,100,検閲の禁止は表現の自由、精神的自由の核心。,auto_reclassify
530,2016,42,"次の文章の空欄［ ア ］～［ エ ］に当てはまる語句を、枠内の選択肢（1～20）から選びなさい。


［ ア ］について［ イ ］の規定を設けない立法の合憲性が",['行政行為'],不利益処分,100,憲法31条の行政手続への適用と不利益処分における手続保障の原則を確立した判例であるため。,auto_reclassify
531,2016,43,"次の文章は、ある最高裁判所判決の一節である。空欄［ ア ］～［ エ ］に当てはまる語句を、枠内の選択肢（1～20）から選びなさい。


旧行政事件訴訟特例法のも","['行政行為', '地方公共団体の組織']",行政裁量,100,裁量権の逸脱・濫用が問題の核心であるため。,auto_reclassify
532,2016,44,A市は、A市路上喫煙禁止条例を制定し、同市の指定した路上喫煙禁止区域内の路上で喫煙した者について、2万円以下の過料を科す旨を定めている。Xは、路上喫煙禁止区域内,"['行政行為', '取消訴訟']",法律による行政の原理,95,条例過料の根拠、手続、機関、学説上の位置づけは、法律による行政の原理に集約されるため。,auto_reclassify
533,2016,45,Aは、Bとの間でB所有の甲土地（以下「甲」という。）につき売買契約（以下「契約」という。）を締結し、その後、契約に基づいて、Bに対し売買代金を完済して、Bから甲,"['意思表示', '代理']",抵当権,100,問題の核心が抵当権の効力と売主の担保責任であるため,auto_reclassify
534,2016,46,民法の規定によれば、離婚の財産上の法的効果として、離婚した夫婦の一方は、相手方に対して財産の分与を請求することができる。判例は、離婚に伴う財産分与の目的ないし機,['意思表示'],親族,100,財産分与は離婚に伴う親族法上の効果であるため。,auto_reclassify
536,2016,48,2015年夏に成立し公布された改正公職選挙法*による参議院選挙区選出議員の選挙区・定数の改正および改正後の状況に関する次の記述のうち、妥当でないものはどれか。,"['政治', '経済']",法の下の平等,100,選挙区定数問題は憲法14条の平等原則が争点となるため。,auto_reclassify
538,2016,50,"2016年2月に署名されたTPP（Trans-Pacific Partnership）協定に関する次のア～オの記述のうち、妥当なものの組合せはどれか。
ア．TP",['情報通信'],経済,100,TPP協定は国際経済・貿易に関する内容であるため,auto_reclassify
539,2016,51,日本の戦後復興期の経済に関する次の記述のうち、妥当なものはどれか。,"['政治', '情報通信']",経済,100,戦後復興期の経済に関する問題であるため,auto_reclassify
540,2016,52,"日本社会の多様化に関する次のア～オの記述のうち、妥当なものの組合せはどれか。
ア．特定の民族出身者を誹謗中傷し、社会から排除することをあおるような差別的発言を投","['政治', '情報通信']",社会,100,多様化する社会の諸問題と関連法制度を問う一般知識問題,auto_reclassify
541,2016,53,終戦（1945年8月15日）後の日本で発生した自然災害に関する次の記述のうち、妥当でないものはどれか。,['情報通信'],社会,100,自然災害は社会現象の一部であるため。,auto_reclassify
542,2016,54,"人工知能に関する次の文章の空欄［　Ⅰ　］～［　Ⅳ　］にあてはまる語句の組合せとして、妥当なものはどれか。
コンピュータの処理速度や記憶容量が向上しさえすれば、人","['個人情報保護', '文章理解']",情報通信,100,人工知能の発展と能力に関する問題であり、情報通信技術の進歩に該当する。,auto_reclassify
543,2016,55,IoT（Internet of Things）の定義に関する次の記述のうち、妥当なものはどれか。,['文章理解'],情報通信,100,IoTは情報通信技術の代表的な概念であるため,auto_reclassify
545,2016,57,公文書管理法（公文書等の管理に関する法律）に関する次の文章のうち、誤っているものはどれか。,"['政治', '文章理解']",法律による行政の原理,90,公文書管理法は行政の透明性・説明責任を担保し、法律による行政の原理と密接に関連するため。,auto_reclassify
447,2017,2,"次のア～オの記述と、それらの記述が示す法思想等との組合せとして、最も適切なものはどれか。
ア．法を現実に通用している制定法および慣習法等の実定法とする考え方

",['裁判制度'],法の分類・効力,95,法思想全般を問う問題で、法の分類・効力が最も包括的。,auto_reclassify
196,2017,3,（平成29年度 問3）基本的人権に関する次の記述のうち、最高裁判所の判例に照らし、妥当でないものはどれか。,['精神的自由'],人権総論,100,個別の自由ではなく、人権全般を問うため,auto_reclassify
448,2017,4,次の記述は、ため池の堤とう（堤塘）の使用規制を行う条例により「ため池の堤とうを使用する財産上の権利を有する者は、ため池の破損、決かい等に因る災害を未然に防止する,['人権総論'],経済的自由,100,ため池条例事件は財産権の制約に関する重要判例であり、経済的自由権に分類される。,auto_reclassify
449,2017,5,内閣に関する次の記述のうち、憲法の規定に照らし、妥当なものはどれか。,"['人権総論', '経済的自由']",内閣,100,憲法の統治機構における内閣の役割に関する問題,auto_reclassify
450,2017,6,次の文章の空欄［　　］に当てはまる語句（ア）と、本文末尾で述べられた考え方（イ）（現在でも通説とされる。）との組合せとして、妥当なものはどれか（旧漢字・旧仮名遣,['国会'],財政,100,予算の形式と制定権限は憲法の財政分野の核心テーマ。,auto_reclassify
451,2017,7,憲法の概念に関する次の記述のうち、妥当なものはどれか。,"['国会', '内閣']",人権総論,95,「憲法の概念」は人権総論が最も包括的,auto_reclassify
453,2017,9,無効の行政行為に関する次の記述のうち、妥当なものはどれか。,['法律による行政の原理'],行政行為,100,無効の行政行為は行政行為の効力に関する重要論点,auto_reclassify
454,2017,10,執行罰に関する次の記述のうち、妥当なものはどれか。,"['法律による行政の原理', '行政裁量']",行政行為,95,執行罰は行政行為の一種であり、行政法総論の行政行為に分類される。,auto_reclassify
197,2017,11,行政手続法が定める適用範囲・総則に関する次の記述のうち、正しいものはどれか。,['申請に対する処分'],行政行為,85,行政手続法の適用範囲・総則は、行政行為の一般原則に密接に関連するため。,auto_reclassify
200,2017,17,行政事件訴訟法が定める取消訴訟に関する次の記述のうち、正しいものはどれか。,"['差止訴訟', '国家賠償（1条）']",取消訴訟,100,行政事件訴訟法の取消訴訟を問う,auto_reclassify
459,2017,19,行政事件訴訟法の定める仮の差止めに関する次の記述のうち、妥当なものはどれか。,"['取消訴訟', '国家賠償（1条）']",仮の救済,100,仮の差止めは仮の救済の一類型であるため,auto_reclassify
462,2017,22,地方自治法が定める公の施設に関する次の記述のうち、誤っているものはどれか。,"['地方公共団体の組織', '議会']",公の施設,100,地方自治法における公の施設に関する問題,auto_reclassify
464,2017,24,地方自治法による住民監査請求と住民訴訟に関する次の記述のうち、法令および最高裁判所の判例に照らし、妥当なものはどれか。,"['地方公共団体の組織', '長の権限']",住民監査請求・住民訴訟,100,地方自治法における住民監査請求と住民訴訟が直接のテーマ,auto_reclassify
465,2017,25,次の文章は、都市計画における建設大臣（当時）の裁量権の範囲に関する原審の判断を覆した最高裁判所判決の一節である。空欄［ Ⅰ ］～［ Ⅳ ］には、それぞれあとのア,['行政行為'],行政裁量,100,行政庁の裁量権の範囲と限界に関する判例問題,auto_reclassify
466,2017,26,"次の文章は、X県知事により行われる、ある行政処分に付される教示である。これに関する次のア～オの記述のうち、妥当なものの組合せはどれか。
（教示）

この処分に不",['行政行為'],教示,100,問題文が「教示」そのものに関する記述の妥当性を問うているため。,auto_reclassify
467,2017,27,自然人A（以下「A」という。）が団体B（以下「B」という。）に所属している場合に関する次のア～オの記述のうち、民法の規定および判例に照らし、妥当なものの組合せは,['意思表示'],権利能力・意思能力・行為能力,100,法人、権利能力なき社団、組合の法的性質、特に権利能力の有無と影響を問うため。,auto_reclassify
470,2017,30,Aは、甲不動産をその占有者Bから購入し引渡しを受けていたが、実は甲不動産はC所有の不動産であった。BおよびAの占有の態様および期間に関する次の場合のうち、民法の,"['抵当権', '留置権']",時効,100,問題文が時効取得の成否を直接問うているため,auto_reclassify
471,2017,33,Aは自己所有の甲機械（以下「甲」という。）をBに賃貸し（以下、これを「本件賃貸借契約」という。）、その後、本件賃貸借契約の期間中にCがBから甲の修理を請け負い、,"['契約総論', '不法行為']",賃貸借,98,賃貸借契約中の修理費用に関する問題であり、賃貸借が核心。,auto_reclassify
472,2017,34,不法行為に関する次の記述のうち、民法の規定および判例に照らし、妥当なものはどれか。,"['親族', '相続']",不法行為,100,不法行為に関する問題のため,auto_reclassify
473,2017,37,株式会社（種類株式発行会社を除く。）の設立に関する次の記述のうち、会社法の規定に照らし、正しいものはどれか。,['株式'],株式会社の設立,100,問題文が「株式会社の設立」を直接問うているため,auto_reclassify
477,2017,41,"次の文章の空欄［ ア ］～［ エ ］に当てはまる語句を、枠内の選択肢（1～20）から選びなさい。


その保障の根拠に照らして考えるならば、表現の自由といっても",['人権総論'],精神的自由,100,憲法21条の表現の自由の限界に関する判例であり、精神的自由権の主要論点であるため。,auto_reclassify
478,2017,42,"次の文章の空欄［ ア ］～［ エ ］に当てはまる語句を、枠内の選択肢（1～20）から選びなさい。


行政機関は、多くの場合、自らその活動のための基準を設定する",['行政行為'],行政立法,100,行政機関が定める基準の法的性質と分類は行政立法の核心論点。,auto_reclassify
479,2017,43,"次の文章の空欄［ ア ］～［ エ ］に当てはまる語句を、枠内の選択肢（1～20）から選びなさい。


行政救済制度としては、違法な行政行為の効力を争いその取消し","['法律による行政の原理', '行政行為']",国家賠償（1条）,100,違法な行政処分に対する国家賠償（1条）の要件と取消訴訟との関係を論じる重要判例であるため。,auto_reclassify
480,2017,44,A市は、市内へのパチンコ店の出店を規制するため、同市内のほぼ全域を出店禁止区域とする条例を制定した。しかし、事業者Yは、この条例は国の法令に抵触するなどと主張し,['行政行為'],当事者訴訟,100,市が私人に対し建設中止を求める訴訟は当事者訴訟。,auto_reclassify
481,2017,45,AはBに対して100万円の売買代金債権を有していたが、同債権については、A・B間で譲渡禁止特約が付されていた。しかし、Aは、特約に違反して、上記100万円の売買,"['意思表示', '債務不履行']",債権譲渡,100,譲渡禁止特約付債権譲渡の効力が問われているため,auto_reclassify
482,2017,46,不法行為による損害賠償請求権は、被害者またはその法定代理人が、いつの時点から何年間行使しないときに消滅するかについて、民法が規定する2つの場合を、40字程度で記,['意思表示'],時効,100,不法行為による損害賠償請求権の消滅時効は、民法総則の時効の特則であり、問題は時効制度そのものに焦点を当てているため。,auto_reclassify
484,2017,48,日本の公的年金制度に関する次の記述のうち、妥当なものはどれか。,['政治'],社会権,100,公的年金制度は憲法25条の生存権を具体化する社会保障制度の中核であるため,auto_reclassify
487,2017,51,度量衡に関する次の記述のうち、Aの方がBよりも大きな値となるものはどれか。,['情報通信'],社会,100,度量衡は社会生活の基礎知識であるため,auto_reclassify
488,2017,52,"消費者問題・消費者保護に関する次のア～オの記述のうち、妥当なものの組合せはどれか。
ア．不当な表示による顧客の誘引を防止するため、不当な表示を行った事業者に対す","['政治', '情報通信']",社会,100,消費者保護法制と社会情勢を横断的に問うため,auto_reclassify
489,2017,53,次の記述のうち、社会の様々な問題を題材に取り上げた小説家・山崎豊子の著作として、妥当なものはどれか。,['情報通信'],社会,100,山崎豊子の著作は社会問題を題材とするため,auto_reclassify
490,2017,54,"次の文章の［ ア ］～［ オ ］にあてはまる用語の組合せとして、妥当なものはどれか。
「クラウド」は、［ ア ］の意味である場合と、［ イ ］の意味である場合が","['個人情報保護', '文章理解']",情報通信,100,クラウド関連用語は情報通信分野の知識であるため,auto_reclassify
492,2017,56,"情報技術に関する次のア～オの記述のうち、妥当なものの組合せはどれか。
ア．ワームとはアプリケーションの開発時に発生したプログラムのミスが原因で起きる不具合のこと",['文章理解'],情報通信,100,ワーム、DNS、クッキー等、情報通信用語の定義を問う問題,auto_reclassify
493,2017,57,情報公開法制と個人情報保護法制に関する次の記述のうち、妥当なものはどれか。,"['政治', '文章理解']",個人情報保護,98,問題文のキーワードに最も直接合致する,auto_reclassify
405,2018,2,"「法」に関する用語を説明する次のア～オの記述のうち、妥当なものの組合せはどれか。
ア．自然法に対して、国家機関による制定行為や、慣習などの経験的事実といった人為",['裁判制度'],法の分類・効力,100,実定法、実質法など法の分類に関する問題,auto_reclassify
179,2018,4,基本的人権に関する次の記述のうち、最高裁判所の判例の趣旨に照らし、妥当でないものはどれか。,"['法の下の平等', '精神的自由']",人権総論,100,問題文が「基本的人権」と総括的に問うため。,auto_reclassify
407,2018,6,"デモクラシーの刷新を綱領に掲げる政党Xは、衆議院議員選挙の際の選挙公約として、次のア～エのような内容を含む公職選挙法改正を提案した。
ア．有権者の投票を容易にす",['国会'],経済的自由,100,選挙制度・統治機構の議論と経済的自由権は直接関連しないため,auto_reclassify
408,2018,7,"次の文章の空欄［ア］～［オ］に当てはまる語句の組合せとして、妥当なものはどれか。
大赦、特赦、減刑、刑の執行の免除及び復権は、［ア］においてこれを決定し・・・（",['国会'],内閣,100,問題文は内閣の恩赦決定権とその憲法上の位置づけを問うているため。,auto_reclassify
411,2018,10,行政処分の無効と取消しに関する次の記述のうち、正しいものはどれか。,"['法律による行政の原理', '行政裁量']",行政行為,100,行政処分の無効・取消しは行政行為論の核心。,auto_reclassify
180,2018,11,行政手続法が定める適用範囲・総則に関する次の記述のうち、正しいものはどれか。,"['申請に対する処分', '不利益処分']",行政行為,85,行政手続法の適用範囲・総則は、行政行為の一般原則に密接に関連するため。,auto_reclassify
181,2018,12,行政手続法が定める申請・不利益処分に関する次の記述のうち、正しいものはどれか。,"['聴聞', '意見公募手続']",申請に対する処分,90,行政手続法の申請・不利益処分は主要論点だが、申請が先に来るため,auto_reclassify
182,2018,13,行政手続法が定める行政指導・意見公募に関する次の記述のうち、正しいものはどれか。,"['行政指導', '審査請求']",意見公募手続,95,問題文が行政手続法に限定し、意見公募手続は同法固有の制度であるため。,auto_reclassify
183,2018,15,行政不服審査法が定める審理員・裁決に関する次の記述のうち、正しいものはどれか。,"['審査請求', '取消訴訟']",裁決,90,審理員はプロセス、裁決は最終結果であり、より重要,auto_reclassify
184,2018,17,行政事件訴訟法が定める取消訴訟に関する次の記述のうち、正しいものはどれか。,"['義務付け訴訟', '国家賠償（1条）']",取消訴訟,100,行政事件訴訟法の取消訴訟が主題,auto_reclassify
185,2018,19,行政事件訴訟法が定める当事者訴訟・その他に関する次の記述のうち、正しいものはどれか。,"['国家賠償（1条）', '長の権限']",当事者訴訟,100,行政事件訴訟法中の当事者訴訟を直接問うため,auto_reclassify
186,2018,20,国家賠償法1条責任に関する次の記述のうち、最高裁判所の判例に照らし、妥当なものはどれか。,"['国家賠償（2条）', '直接請求']",国家賠償（1条）,100,国家賠償法1条に特化した問題のため,auto_reclassify
415,2018,21,道路用地の収用に係る損失補償に関する次の記述のうち、正しいものはどれか。,"['国家賠償（1条）', '地方公共団体の組織']",損失補償,100,収用は適法な行政活動による損失補償の典型例,auto_reclassify
419,2018,25,道路等についての最高裁判所の判決に関する次の記述のうち、正しいものはどれか。,['行政行為'],国家賠償（2条）,100,道路の瑕疵は国賠法2条の典型例であり、判例知識が問われる。,auto_reclassify
420,2018,26,"ある市立保育所の廃止に関する以下の会話を受けてCが論点を整理した次の記述のうち、法令および最高裁判所の判例に照らし、妥当なものはどれか。
A：友人が居住している","['法律による行政の原理', '行政行為']",取消訴訟,95,条例に対する訴訟は取消訴訟の処分性が主要論点。,auto_reclassify
187,2018,27,物権に関する次の記述のうち、民法の規定に照らし、正しいものはどれか。,['意思表示'],物権変動,95,「物権に関する」という問いに対し、物権変動は総論的で広範な概念であるため。,auto_reclassify
188,2018,28,債権総論に関する次の記述のうち、民法の規定および判例に照らし、妥当なものはどれか。,"['代理', '時効']",債務不履行,90,「債権総論に関する」とあるため、その下位項目から最も代表的な「債務不履行」を選択。,auto_reclassify
189,2018,30,担保物権に関する次の記述のうち、民法の規定および判例に照らし、妥当なものはどれか。,"['物権変動', '抵当権']",担保物権総論,100,「担保物権に関する」と総括的に問うため,auto_reclassify
194,2018,37,会社法に規定する会社の設立・株式に関する次の記述のうち、正しいものはどれか。,['株式'],株式会社の設立,90,「設立・株式」と並列だが、設立が会社の根源的テーマ。,auto_reclassify
424,2018,39,社外取締役に関する次の記述のうち、会社法の規定に照らし、誤っているものはどれか。,"['株式会社の設立', '株式']",機関（取締役・取締役会）,100,社外取締役は会社法の機関である取締役の一種,auto_reclassify
425,2018,40,剰余金の配当に関する次の記述のうち、会社法の規定に照らし、正しいものはどれか。,"['株式', '持分会社']",計算,100,剰余金配当は会社法上の計算に関する規定,auto_reclassify
427,2018,42,行政事件訴訟法10条は、二つの「取消しの理由の制限」を定めている。次の文章の空欄［ ア ］～［ エ ］に当てはまる語句を、枠内の選択肢（1～20）から選びなさい,['行政行為'],取消訴訟,100,問題文が行政事件訴訟法10条の取消訴訟の理由制限を扱っているため。,auto_reclassify
428,2018,43,"次の文章は、地方公共団体の施策の変更に関する最高裁判所判決の一節である。空欄［ ア ］～［ エ ］に当てはまる語句を、枠内の選択肢（1～20）から選びなさい。
","['行政行為', '取消訴訟']",国家賠償（1条）,100,信頼保護違反による国家賠償責任を論じる判例のため。,auto_reclassify
429,2018,44,Xは、A県B市内において、農地を所有し、その土地において農業を営んできた。しかし、高齢のため農作業が困難となり、後継者もいないため、農地を太陽光発電施設として利,['行政行為'],申請に対する処分,100,農地転用許可申請に対する行政庁の対応が問題の中心。,auto_reclassify
430,2018,45,画家Aは、BからAの絵画（以下「本件絵画」といい、評価額は500万円～600万円であるとする）を購入したい旨の申込みがあったため、500万円で売却することにした,['意思表示'],権利能力・意思能力・行為能力,100,成年被後見人の契約有効性を行為能力から問う,auto_reclassify
432,2018,47,"2017年11月から始まった新しい外国人技能実習制度に関する次のア～オの記述のうち、妥当でないものの組合せはどれか。
ア．新しい制度が導入されるまでは、外国人の",['政治'],行政行為,85,許可・認可は行政行為の典型であり、制度の核,auto_reclassify
433,2018,48,"行政書士に関する国の事務をつかさどるのは総務省であるが、専門資格に関する事務をつかさどる省庁についての次のア～オの記述のうち、妥当でないものの組合せはどれか。
","['政治', '経済']",社会,95,行政組織と職業制度に関する社会知識,auto_reclassify
434,2018,49,戦後日本の消費生活協同組合（以下「生協」という。）に関する次の記述のうち、妥当なものはどれか。,['政治'],社会,100,一般知識の社会分野に該当するテーマである,auto_reclassify
435,2018,50,近年の日本の貿易および対外直接投資に関する次の記述のうち、妥当なものはどれか。,['情報通信'],経済,100,貿易・投資は経済の中心的テーマ,auto_reclassify
436,2018,51,日本の墓地および死体の取扱い等に関する次の記述のうち、妥当なものはどれか。,"['政治', '情報通信']",行政行為,95,墓地埋葬法は許可制等、行政行為を規定する個別法規,auto_reclassify
437,2018,52,"地方自治体の住民等に関する次のア～オの記述のうち、妥当なものの組合せはどれか。
ア．市町村内に家屋敷を有する個人であっても、当該市町村内に住所を有しない場合には","['政治', '情報通信']",住民基本台帳法,95,住民税、介護保険も住民登録が基礎となるため,auto_reclassify
438,2018,53,"次に掲げるア～オの営業形態のうち、風適法*による許可または届出の対象となっていないものの組合せはどれか。
ア．近隣の風俗営業に関する情報を提供する、いわゆる風俗",['情報通信'],行政行為,95,個別法規の規制対象を問う問題で、許可は行政行為の典型例。,auto_reclassify
440,2018,55,"欧州データ保護規則（GDPR*1）に関する次のア～オの記述のうち、妥当なものの組合せはどれか。
ア．欧州経済領域*2内に本社を置く企業に限りGDPRの規制対象と","['情報通信', '文章理解']",個人情報保護,100,問題がGDPRの内容を問うており、個人情報保護に直接該当する。,auto_reclassify
441,2018,56,個人情報保護法*に関する次の記述のうち、妥当でないものはどれか。,['文章理解'],個人情報保護,100,個人情報保護法に関する問題のため,auto_reclassify
442,2018,57,"個人情報保護法*2条2項にいう「個人識別符号」であるものとして次のア～オのうち、妥当なものの組合せはどれか。
ア．携帯電話番号
イ．個人番号（マイナンバー）
ウ","['政治', '文章理解']",個人情報保護,100,問題文が個人情報保護法を直接問うているため,auto_reclassify
160,2019,4,基本的人権に関する次の記述のうち、最高裁判所の判例の趣旨に照らし、妥当でないものはどれか。,"['精神的自由', '人身の自由']",人権総論,100,「基本的人権」と総括的に問うているため,auto_reclassify
161,2019,5,（令和1年度 問5）基本的人権に関する次の記述のうち、最高裁判所の判例に照らし、妥当でないものはどれか。,"['経済的自由', '国会']",人権総論,95,判例で問われる人権全般を包含する項目,auto_reclassify
365,2019,6,教科書検定制度の合憲性に関する次の記述のうち、最高裁判所の判例に照らし、妥当でないものはどれか。,['国会'],精神的自由,100,教科書検定は表現・教育の自由の制約として精神的自由で論じられる。,auto_reclassify
366,2019,7,動物愛護や自然保護に強い関心を持つ裁判官A氏は、毛皮の採取を目的とした野生動物の乱獲を批判するため、休日に仲間と語らって派手なボディペインティングをした風体でデ,['国会'],裁判所,100,裁判官の身分保障と職務規律は憲法上の裁判所の項目で扱われるため,auto_reclassify
368,2019,9,内閣法および国家行政組織法の規定に関する次の記述のうち、正しいものはどれか。,"['法律による行政の原理', '行政立法']",内閣,100,問題文に明示された法律が憲法の内閣に関する統治機構を規定するため。,auto_reclassify
369,2019,10,"次の文章は、公有水面埋立てに関する最高裁判所判決の一節である。次の下線を引いた（ア）～（オ）の用語のうち、誤っているものの組合せはどれか。
（1）海は、特定人に",['法律による行政の原理'],時効,95,公共用財産の時効取得の可否を論じる判例であり、時効が最も具体的かつ包括的。,auto_reclassify
163,2019,12,行政手続法が定める申請・不利益処分に関する次の記述のうち、正しいものはどれか。,"['不利益処分', '聴聞']",申請に対する処分,90,行政手続法の申請・不利益処分は主要論点だが、申請が先に来るため,auto_reclassify
164,2019,13,行政手続法が定める行政指導・意見公募に関する次の記述のうち、正しいものはどれか。,"['行政指導', '審査請求']",意見公募手続,95,問題文の「行政手続法が定める」に最も直接的に合致するカテゴリのため。,auto_reclassify
370,2019,14,"裁決および決定についての行政不服審査法の規定に関する次のア～オの記述のうち、正しいものの組合せはどれか。
ア．審査請求人は、処分についての審査請求をした日（審査",['審査請求'],裁決,100,裁決の類型、効力、事情裁決等、裁決全般を問う,auto_reclassify
166,2019,17,行政事件訴訟法が定める取消訴訟に関する次の記述のうち、正しいものはどれか。,"['差止訴訟', '国家賠償（1条）']",取消訴訟,100,行政事件訴訟法の取消訴訟を問う,auto_reclassify
167,2019,19,行政事件訴訟法が定める当事者訴訟・その他に関する次の記述のうち、正しいものはどれか。,"['国家賠償（1条）', '議会']",当事者訴訟,100,行政事件訴訟法中の当事者訴訟を直接問うため,auto_reclassify
168,2019,20,国家賠償法1条責任に関する次の記述のうち、最高裁判所の判例に照らし、妥当なものはどれか。,"['国家賠償（2条）', '住民監査請求・住民訴訟']",国家賠償（1条）,100,国家賠償法1条に特化した問題のため,auto_reclassify
373,2019,21,次の文章は、国家賠償法2条1項の責任の成否が問題となった事案に関する最高裁判所判決の一節である。空欄［ア］～［エ］に入る語句の組合せとして、正しいものはどれか。,"['国家賠償（1条）', '議会']",国家賠償（2条）,100,営造物責任に関する条文と判例のため,auto_reclassify
374,2019,22,普通地方公共団体の議会に関する次の記述のうち、正しいものはどれか。,"['地方公共団体の組織', '長の権限']",議会,100,地方自治法の議会に関する直接的な問題,auto_reclassify
375,2019,23,公の施設についての地方自治法の規定に関する次の記述のうち、誤っているものはどれか。,"['地方公共団体の組織', '住民監査請求・住民訴訟']",公の施設,100,地方自治法における公の施設に関する問題のため,auto_reclassify
377,2019,25,"上水道に関する次のア～エの記述のうち、最高裁判所の判例に照らし、正しいものの組合せはどれか。
ア．自然的条件において、取水源が貧困で現在の取水量を増加させること",['行政行為'],行政指導,95,行政指導の適法性や、それを背景とした給水契約拒否の判例が中心。,auto_reclassify
378,2019,26,"国公立学校をめぐる行政法上の問題に関する次のア～エの記述のうち、最高裁判所の判例に照らし、妥当なものの組合せはどれか。
ア．公立高等専門学校の校長が学生に対し原","['行政行為', '行政裁量']",取消訴訟,100,行政処分性、原告適格、裁量審査、司法審査の対象など、取消訴訟の主要論点が網羅されているため。,auto_reclassify
169,2019,27,物権に関する次の記述のうち、民法の規定に照らし、正しいものはどれか。,"['意思表示', '代理']",物権変動,95,物権の得喪変更に関する総論的テーマ,auto_reclassify
170,2019,30,担保物権に関する次の記述のうち、民法の規定および判例に照らし、妥当なものはどれか。,"['所有権', '抵当権']",担保物権総論,100,担保物権全体を問うため総論が最適,auto_reclassify
381,2019,33,甲建物（以下「甲」という。）を所有するAが不在の間に台風が襲来し、甲の窓ガラスが破損したため、隣りに住むBがこれを取り換えた場合に関する次の記述のうち、民法の規,"['契約総論', '不法行為']",事務管理,100,A不在中にBがAのために事務処理した事例,auto_reclassify
382,2019,39,取締役会設置会社（指名委員会等設置会社および監査等委員会設置会社を除く。）の取締役会に関する次の記述のうち、会社法の規定に照らし、誤っているものの組合せはどれか,['株式'],機関（取締役・取締役会）,100,問題文が取締役会の規定に特化しているため,auto_reclassify
383,2019,40,公開会社でない株式会社で、かつ、取締役会を設置していない株式会社に関する次の記述のうち、会社法の規定に照らし、誤っているものはどれか。,"['株式', '持分会社']",機関（取締役・取締役会）,100,取締役会設置の有無が問われており、機関の中でも取締役・取締役会が核心。,auto_reclassify
384,2019,41,次の文章は、NHKが原告として受信料の支払等を求めた事件の最高裁判所判決の一節である。空欄［ ア ］～［ エ ］に当てはまる語句を、枠内の選択肢（1～20）から,['人権総論'],精神的自由,100,判決が憲法21条の表現の自由と放送の公共性を論じているため。,auto_reclassify
385,2019,42,"次の文章の空欄［ ア ］～［ エ ］に当てはまる語句を、枠内の選択肢（1～20）から選びなさい。



行政手続法は、行政運営における［ ア ］の確保と透明性の",['行政行為'],行政裁量,100,処分基準と行政裁量の逸脱・濫用に関する判例の考え方が核心。,auto_reclassify
386,2019,43,"次の文章の空欄［ ア ］～［ エ ］に当てはまる語句を、枠内の選択肢（1～20）から選びなさい。



行政事件訴訟法は、行政事件訴訟の類型を、抗告訴訟、［ ア","['行政行為', '地方公共団体の組織']",当事者訴訟,98,問題文の大部分が当事者訴訟の定義と分類を詳述しているため。,auto_reclassify
387,2019,44,A所有の雑居ビルは、消防法上の防火対象物であるが、非常口が設けられていないなど、消防法等の法令で定められた防火施設に不備があり、危険な状態にある。しかし、その地,['行政行為'],不作為の違法確認訴訟,100,行政庁の不作為に対する救済手段を問う問題,auto_reclassify
388,2019,45,Aは、木造2階建ての別荘一棟（同建物は、区分所有建物でない建物である）をBら4名と共有しているが、同建物は、建築後40年が経過したこともあり、雨漏りや建物の多く,"['意思表示', '代理']",所有権,100,共有は所有権の形態であり、管理・変更は所有権の行使に関わるため。,auto_reclassify
389,2019,46,Aは、自己所有の時計を代金50万円でBに売る契約を結んだ。その際、Aは、Cから借りていた50万円をまだ返済していなかったので、Bとの間で、Cへの返済方法としてB,['意思表示'],契約総論,100,契約の特殊な効力に関する問題で、契約総論で扱われるため。,auto_reclassify
393,2019,50,"日本の雇用・労働に関する次のア～オの記述のうち、妥当なものの組合せはどれか。
ア．日本型雇用慣行として、終身雇用、年功序列、職能別労働組合が挙げられていたが、働",['情報通信'],社会,100,働き方改革関連法や雇用慣行は社会制度・情勢に属する,auto_reclassify
394,2019,51,経済用語に関する次の記述のうち、妥当なものはどれか。,"['政治', '情報通信']",経済,100,問題文が直接「経済用語」を問うため,auto_reclassify
395,2019,52,元号制定の手続に関する次の記述のうち、妥当なものはどれか。,"['政治', '情報通信']",内閣,95,元号制定は内閣の助言と承認による国事行為。,auto_reclassify
396,2019,53,"日本の廃棄物処理に関する次のア～オの記述のうち、妥当でないものの組合せはどれか。
ア．廃棄物処理法*では、廃棄物を、産業廃棄物とそれ以外の一般廃棄物とに大きく区",['情報通信'],社会,100,廃棄物処理法、地方自治体の責務、国際条約など社会問題全般。,auto_reclassify
397,2019,54,"情報や通信に関する次のア～オの記述にふさわしい略語等の組合せとして、妥当なものはどれか。
ア．現実ではないが、実質的に同じように感じられる環境を、利用者の感覚器","['個人情報保護', '文章理解']",情報通信,100,問題文が情報通信技術の定義を問うため,auto_reclassify
398,2019,55,"通信の秘密に関する次のア～オの記述のうち、妥当でないものの組合せはどれか。
ア．通信の秘密を守る義務を負うのは電気通信回線設備を保有・管理する電気通信事業者であ","['情報通信', '文章理解']",精神的自由,100,通信の秘密は憲法21条2項後段の精神的自由権であるため。,auto_reclassify
399,2019,56,"放送または通信の手法に関する次のア～オのうち、主としてアナログ方式で送られているものの組合せとして、妥当なものはどれか。
ア．AMラジオ放送
イ．公衆交換電話網",['文章理解'],情報通信,100,アナログ・デジタル通信方式の識別を問う問題,auto_reclassify
400,2019,57,個人情報保護委員会に関する次の記述のうち、妥当でないものはどれか。,"['政治', '文章理解']",個人情報保護,100,個人情報保護委員会は個人情報保護法の機関であるため,auto_reclassify
138,2020,3,（令和2年度 問3）基本的人権に関する次の記述のうち、最高裁判所の判例に照らし、妥当でないものはどれか。,"['法の下の平等', '精神的自由']",人権総論,100,問題文が「基本的人権」と総括的であるため。,auto_reclassify
140,2020,5,（令和2年度 問5）基本的人権に関する次の記述のうち、最高裁判所の判例に照らし、妥当でないものはどれか。,['社会権'],人権総論,100,問題文が「基本的人権に関する」と総論的に問うているため。,auto_reclassify
327,2020,7,憲法訴訟における違憲性の主張適格が問題となった第三者没収に関する最高裁判所判決*について、次のア～オの記述のうち、法廷意見の見解として、正しいものをすべて挙げた,"['国会', '内閣']",裁判所,100,憲法81条の違憲審査権と訴訟要件が裁判所の項目に属するため。,auto_reclassify
329,2020,9,行政行為（処分）に関する次の記述のうち、最高裁判所の判例に照らし、妥当なものはどれか。,['法律による行政の原理'],行政行為,100,行政行為の概念と判例知識を問う問題,auto_reclassify
330,2020,10,普通地方公共団体が締結する契約に関する次の記述のうち、地方自治法の定めに照らし、妥当なものはどれか。,"['法律による行政の原理', '行政裁量']",行政契約,100,地方自治法上の契約は行政契約の具体例,auto_reclassify
141,2020,11,行政手続法が定める適用範囲・総則に関する次の記述のうち、正しいものはどれか。,"['不利益処分', '聴聞']",申請に対する処分,90,行政手続法総則は個別の手続に共通する基礎。最も近いのは「申請に対する処分」だが、総則は全てに適用されるため、行政手続法全体を指す項目がない中で、最も包括的な手続である「申請に対する処分」を代表として選択。,auto_reclassify
142,2020,12,行政手続法が定める申請・不利益処分に関する次の記述のうち、正しいものはどれか。,"['聴聞', '届出']",申請に対する処分,90,行政手続法の申請・不利益処分は主要論点だが、申請が先に来るため,auto_reclassify
143,2020,13,行政手続法が定める行政指導・意見公募に関する次の記述のうち、正しいものはどれか。,"['申請に対する処分', '審査請求']",意見公募手続,95,問題文の「行政手続法が定める」に最も直接的に合致するカテゴリのため。,auto_reclassify
145,2020,16,行政不服審査法が定める再調査の請求に関する次の記述のうち、正しいものはどれか。,"['取消訴訟', '当事者訴訟']",審査請求,100,再調査の請求は審査請求と並ぶ不服申立制度,auto_reclassify
146,2020,17,行政事件訴訟法が定める取消訴訟に関する次の記述のうち、正しいものはどれか。,"['義務付け訴訟', '国家賠償（1条）']",取消訴訟,100,行政事件訴訟法の取消訴訟が主題,auto_reclassify
147,2020,19,行政事件訴訟法が定める当事者訴訟・その他に関する次の記述のうち、正しいものはどれか。,"['国家賠償（1条）', '直接請求']",当事者訴訟,100,行政事件訴訟法中の当事者訴訟を直接問うため,auto_reclassify
148,2020,20,国家賠償法1条責任に関する次の記述のうち、最高裁判所の判例に照らし、妥当なものはどれか。,"['国家賠償（2条）', '公の施設']",国家賠償（1条）,100,問題文が国家賠償法1条責任を明記しているため,auto_reclassify
336,2020,24,地方自治法に基づく住民訴訟に関する次の記述のうち、法令および最高裁判所の判例に照らし、妥当なものはどれか。,"['地方公共団体の組織', '直接請求']",住民監査請求・住民訴訟,100,「住民訴訟」が直接的なトピック名に含まれるため。,auto_reclassify
337,2020,25,情報公開をめぐる最高裁判所の判例に関する次の記述のうち、妥当なものはどれか。,['行政行為'],法律による行政の原理,90,情報公開法は法律による行政の原理の具体化であるため。,auto_reclassify
149,2020,27,物権に関する次の記述のうち、民法の規定に照らし、正しいものはどれか。,['意思表示'],物権変動,95,物権の得喪変更に関する総論的テーマ,auto_reclassify
150,2020,28,債権総論に関する次の記述のうち、民法の規定および判例に照らし、妥当なものはどれか。,['代理'],債務不履行,90,「債権総論に関する」とあるため、その下位項目から最も代表的な「債務不履行」を選択。,auto_reclassify
339,2020,29,根抵当権に関する次の記述のうち、民法の規定に照らし、正しいものはどれか。,['物権変動'],抵当権,100,問題文の「根抵当権」は民法上の抵当権の特殊形態であるため。,auto_reclassify
151,2020,30,担保物権に関する次の記述のうち、民法の規定および判例に照らし、妥当なものはどれか。,"['物権変動', '抵当権']",担保物権総論,100,担保物権全体を問うため総論が最適,auto_reclassify
340,2020,34,医療契約に基づく医師の患者に対する義務に関する次の記述のうち、民法の規定および判例に照らし、妥当なものはどれか。,"['親族', '相続']",債務不履行,100,医師の義務違反は債務不履行が典型,auto_reclassify
157,2020,37,会社法に規定する会社の設立・株式に関する次の記述のうち、正しいものはどれか。,"['株式', '機関（取締役・取締役会）']",株式会社の設立,95,「設立・株式」と並列だが、設立が会社の根幹で先行するため,auto_reclassify
341,2020,39,株主総会に関する次の記述のうち、会社法の規定に照らし、誤っているものはどれか。,"['株式会社の設立', '株式']",機関（株主総会）,100,「株主総会」が直接トピック名に含まれるため,auto_reclassify
342,2020,40,公開会社であり、かつ大会社に関する次の記述のうち、会社法の規定に照らし、誤っているものはどれか。,"['株式', '持分会社']",機関（監査役等）,100,大会社は会計監査人設置義務があり、監査役等に含まれる,auto_reclassify
343,2020,41,"次の文章の空欄［ ア ］～［ エ ］に当てはまる語句を、枠内の選択肢（1～20）から選びなさい。



このような労働組合の結成を憲法および労働組合法で保障して",['人権総論'],精神的自由,100,労働組合の政治活動の自由は精神的自由に含まれるため。,auto_reclassify
344,2020,42,"次の文章の空欄［ ア ］～［ エ ］に当てはまる語句を、枠内の選択肢（1～20）から選びなさい。



行政指導とは、相手方の任意ないし合意を前提として行政目的",['行政行為'],行政指導,100,問題文全体が行政指導の定義、手続、処分性を扱っているため。,auto_reclassify
345,2020,43,次の文章は、普通地方公共団体の議会の議員に対する懲罰等が違法であるとして、当該懲罰を受けた議員が提起した国家賠償請求訴訟に関する最高裁判所の判決の一節である（一,"['法律による行政の原理', '行政行為']",国家賠償（1条）,100,地方議会の行為に対する国家賠償請求の判例であり、国家賠償法1条の適用が核心。,auto_reclassify
348,2020,46,"以下の［設例］および［判例の解説］を読んで記述せよ。



［設例］

A所有の甲不動産をBが買い受けたが登記未了であったところ、その事実を知ったCが日頃Bに対","['意思表示', '契約総論']",物権変動,100,物権変動と対抗要件、特に背信的悪意者からの転得者保護の判例問題。,auto_reclassify
349,2020,47,普通選挙に関する次の記述のうち、妥当なものはどれか。,['政治'],参政権,100,普通選挙は憲法上の参政権の重要な内容を構成するため。,auto_reclassify
350,2020,48,「フランス人権宣言」に関する次の記述のうち、妥当なものはどれか。,"['政治', '経済']",人権総論,100,近代憲法における人権の基礎概念を問うため,auto_reclassify
351,2020,49,"日本のバブル経済とその崩壊に関する次の文章の空欄［ Ⅰ ］～［ Ⅴ ］に当てはまる語句の組合せとして、妥当なものはどれか。
1985年のプラザ合意の後に［ Ⅰ ",['政治'],経済,100,バブル経済とその崩壊は経済分野の典型問題,auto_reclassify
352,2020,50,"日本の国債制度とその運用に関する次のア～オの記述のうち、妥当なものの組合せはどれか。
ア．東京オリンピックの1964年の開催に向けたインフラ整備にかかる財源調達",['情報通信'],経済,100,財政・経済史、政策判断に関する知識を問うため,auto_reclassify
353,2020,51,"日本の子ども・子育て政策に関する次のア～オの記述のうち、妥当なものの組合せはどれか。
ア．児童手当とは、次代の社会を担う児童の健やかな成長に資することを目的とし","['政治', '情報通信']",社会,100,子ども・子育て政策は社会保障・福祉分野の知識であり、一般知識の社会に該当,auto_reclassify
354,2020,52,"新しい消費の形態に関する次のア～エの記述のうち、妥当なものの組合せはどれか。
ア．定額の代金を支払うことで、一定の期間内に映画やドラマなどを制限なく視聴できるサ","['政治', '情報通信']",社会,100,ギグエコノミー、シェアリングエコノミー等、社会経済の動向に関する問題。,auto_reclassify
355,2020,53,"現在の日本における地域再生、地域活性化などの政策や事業に関する次のア～オの記述のうち、妥当でないものの組合せはどれか。
ア．まち・ひと・しごと創生基本方針は、地",['情報通信'],社会,100,地域再生、活性化、創生、協力隊、エリアマネジメントは社会政策の範疇。,auto_reclassify
356,2020,54,"日本の人口動態に関する次のア～オの記述のうち、妥当なものの組合せはどれか。
ア．死因の中で、近年最も多いのは心疾患で、次に悪性新生物（腫瘍）、脳血管疾患、老衰、","['個人情報保護', '文章理解']",社会,100,人口動態は社会統計であり、社会分野に該当。,auto_reclassify
358,2020,56,行政機関の保有する個人情報の保護に関する法律に関する次の記述のうち、正しいものはどれか。,['文章理解'],個人情報保護,100,一般知識科目の個人情報保護の典型テーマ,auto_reclassify
359,2020,57,個人情報の保護に関する法律に関する次の記述のうち、正しいものはどれか。,"['政治', '文章理解']",個人情報保護,100,問題文の法律名がトピックと完全に合致するため。,auto_reclassify
291,2021,1,"次の文章の空欄［ ア ］～［ エ ］にあてはまる語句の組合せとして、正しいものはどれか。
そもそも、刑罰は［ ア ］的に科すべきものであるか（［ ア ］刑論）あ",['法の分類・効力'],裁判制度,85,刑罰の目的論は法学基礎概念。裁判制度は刑罰を科す機関・手続きであり、最も関連性が高い。,auto_reclassify
292,2021,2,法令の効力に関する次の記述のうち、妥当なものはどれか。,['裁判制度'],法の分類・効力,100,法令の効力は基礎法学の主要テーマ,auto_reclassify
112,2021,4,基本的人権に関する次の記述のうち、最高裁判所の判例の趣旨に照らし、妥当でないものはどれか。,['精神的自由'],人権総論,100,「基本的人権」と総括的に問うているため,auto_reclassify
113,2021,5,（令和3年度 問5）基本的人権に関する次の記述のうち、最高裁判所の判例に照らし、妥当でないものはどれか。,['経済的自由'],人権総論,100,問題文が「基本的人権」と総括的に問うため,auto_reclassify
114,2021,6,司法権・違憲審査に関する次の記述のうち、最高裁判所の判例の趣旨に照らし、妥当でないものはどれか。,['国会'],裁判所,100,裁判所の権限と機能に関する問題,auto_reclassify
115,2021,7,（令和3年度 問7）基本的人権に関する次の記述のうち、最高裁判所の判例に照らし、妥当でないものはどれか。,"['国会', '地方自治（憲法）']",人権総論,98,「基本的人権」に関する判例知識を総合的に問うため。,auto_reclassify
293,2021,8,法の一般原則に関わる最高裁判所の判決に関する次の記述のうち、妥当なものはどれか。,"['法律による行政の原理', '行政行為']",法の解釈,95,判例は一般原則を解釈適用で用いるため,auto_reclassify
294,2021,9,"行政裁量に関する次のア～オの記述のうち、最高裁判所の判例に照らし、妥当なものの組合せはどれか。
ア．教科書検定の審査、判断は、申請図書について、内容が学問的に正","['法律による行政の原理', '行政立法']",行政裁量,100,問題文が行政裁量と司法審査の判例を直接問うているため,auto_reclassify
295,2021,10,行政立法についての最高裁判所の判決に関する次の記述のうち、妥当なものはどれか。,"['法律による行政の原理', '行政行為']",行政立法,100,「行政立法」が直接のテーマであるため,auto_reclassify
117,2021,12,行政手続法が定める申請・不利益処分に関する次の記述のうち、正しいものはどれか。,"['聴聞', '意見公募手続']",申請に対する処分,95,行政手続法の申請・不利益処分は中核。申請が先に来るため。,auto_reclassify
120,2021,15,行政不服審査法が定める審理員・裁決に関する次の記述のうち、正しいものはどれか。,"['審査請求', '取消訴訟']",裁決,95,問題文が「審理員・裁決」と両方を明示。裁決は最終判断であり、より包括的。,auto_reclassify
121,2021,16,行政不服審査法が定める再調査の請求に関する次の記述のうち、正しいものはどれか。,"['取消訴訟', '無効等確認訴訟']",審査請求,90,行政不服審査法上の不服申立て制度の代表項目,auto_reclassify
123,2021,19,行政事件訴訟法が定める当事者訴訟・その他に関する次の記述のうち、正しいものはどれか。,"['国家賠償（1条）', '議会']",当事者訴訟,100,問題文が行政事件訴訟法の当事者訴訟を明示しているため。,auto_reclassify
124,2021,20,国家賠償法1条責任に関する次の記述のうち、最高裁判所の判例に照らし、妥当なものはどれか。,"['国家賠償（2条）', '長の権限']",国家賠償（1条）,100,国家賠償法1条に特化した問題のため,auto_reclassify
125,2021,21,国家賠償法2条責任・損失補償に関する次の記述のうち、最高裁判所の判例に照らし、妥当なものはどれか。,"['地方公共団体の組織', '住民監査請求・住民訴訟']",国家賠償（2条）,95,両テーマを問うが上位概念なく、先頭の具体項目を選択,auto_reclassify
297,2021,22,"地方自治法が定める公の施設に関する次のア～エの記述のうち、法令および最高裁判所の判例に照らし、妥当なものの組合せはどれか。
ア．普通地方公共団体は、法律またはこ","['地方公共団体の組織', '議会']",公の施設,100,地方自治法における公の施設に関する問題であるため,auto_reclassify
298,2021,23,普通地方公共団体に適用される法令等に関する次の記述のうち、憲法および地方自治法の規定に照らし、正しいものはどれか。,"['地方公共団体の組織', '直接請求']",地方自治（憲法）,98,憲法と地方自治法の両方を問う問題であり、憲法上の地方自治の原則が最も包括的。,auto_reclassify
299,2021,24,"地方自治法が定める普通地方公共団体の長と議会の関係に関する次のア～オの記述のうち、正しいものの組合せはどれか。
ア．普通地方公共団体の議会による長の不信任の議決","['地方公共団体の組織', '長の権限']",議会,98,長と議会の相互作用を問う問題で、議会の権限・機能が中心。,auto_reclassify
300,2021,25,墓地埋葬法*13条は、「墓地、納骨堂又は火葬場の管理者は、埋葬、埋蔵、収蔵又は火葬の求めを受けたときは、正当の理由がなければこれを拒んではならない。」と定めてい,['行政行為'],取消訴訟,98,取消訴訟の対象となる処分性の判断基準を示す重要判例,auto_reclassify
301,2021,26,"公立学校に関する次のア～エの記述のうち、最高裁判所の判例に照らし、妥当なものの組合せはどれか。
ア．公立高等専門学校の校長が、必修科目を履修しない学生を原級留置","['法律による行政の原理', '行政行為']",公の施設,95,問題の主題とイの記述が公の施設に直接該当するため,auto_reclassify
126,2021,27,物権に関する次の記述のうち、民法の規定に照らし、正しいものはどれか。,['意思表示'],物権変動,95,「物権に関する」という問いに対し、物権変動は総論的で広範な概念であるため。,auto_reclassify
127,2021,28,債権総論に関する次の記述のうち、民法の規定および判例に照らし、妥当なものはどれか。,['代理'],債務不履行,70,問題文が債権総論全体を指すが、選択肢に総論項目がないため、最も代表的な債務不履行を選択。,review
128,2021,29,債権各論に関する次の記述のうち、民法の規定に照らし、正しいものはどれか。,"['時効', '物権変動']",契約総論,90,問題文が債権各論全体を問うため、その導入部である契約総論が最も適切。,auto_reclassify
129,2021,30,担保物権に関する次の記述のうち、民法の規定および判例に照らし、妥当なものはどれか。,"['占有権', '抵当権']",担保物権総論,100,担保物権全体を問うため総論が最適,auto_reclassify
131,2021,32,契約各論に関する次の記述のうち、民法の規定および判例に照らし、妥当なものはどれか。,"['詐害行為取消権', '不法行為']",契約総論,100,「契約各論」は「契約総論」と個別契約を含むため,auto_reclassify
132,2021,33,不法行為・家族法に関する次の記述のうち、民法の規定に照らし、正しいものはどれか。,"['債権の消滅', '契約総論']",不法行為,95,「不法行為」が最初の具体的テーマで単一項目,auto_reclassify
136,2021,37,会社法に規定する会社の設立・株式に関する次の記述のうち、正しいものはどれか。,['株式'],株式会社の設立,90,「設立・株式」と並列だが、設立が会社の根源的テーマ。,auto_reclassify
302,2021,39,"社外取締役および社外監査役の設置に関する次のア～オの記述のうち、会社法の規定に照らし、誤っているものの組合せはどれか。
ア．監査役設置会社（公開会社であるものに",['株式'],機関（取締役・取締役会）,95,社外取締役に関する記述が多数を占め、取締役会関連の機関設計を含むため。,auto_reclassify
303,2021,40,"剰余金の株主への配当に関する次のア～オの記述のうち、会社法の規定に照らし、正しいものの組合せはどれか。
ア．株式会社は、剰余金の配当をする場合には、資本金の額の","['株式', '持分会社']",計算,100,剰余金配当は会社法の計算に関する規定が中心,auto_reclassify
304,2021,41,"次の文章の空欄［ ア ］～［ エ ］に当てはまる語句を、枠内の選択肢（1～20）から選びなさい。

問題は、裁判員制度の下で裁判官と国民とにより構成される裁判体",['人権総論'],裁判所,100,裁判員制度の合憲性、裁判所の構成に関する判例問題,auto_reclassify
306,2021,43,"次の文章の空欄［ ア ］～［ エ ］に当てはまる語句を、枠内の選択肢（1～20）から選びなさい。

行政手続法14条1項本文が、不利益処分をする場合に同時にその","['法律による行政の原理', '行政行為']",不利益処分,100,行政手続法14条の不利益処分における理由提示の判例が主題。,auto_reclassify
307,2021,44,私立の大学であるA大学は、その設備、授業その他の事項について、法令の規定に違反しているとして、学校教育法15条1項に基づき、文部科学大臣から必要な措置をとるべき,"['行政行為', '取消訴訟']",行政指導,100,問題文の「勧告」は行政手続法上の行政指導に該当する。,auto_reclassify
308,2021,45,Aは、Bに対して100万円の売掛代金債権（以下「本件代金債権」といい、解答にあたっても、この語を用いて解答すること）を有し、本件代金債権については、A・B間にお,['意思表示'],債権譲渡,100,譲渡禁止特約付き債権譲渡の効力が問われる,auto_reclassify
309,2021,46,Aが所有する甲家屋につき、Bが賃借人として居住していたところ、甲家屋の2階部分の外壁が突然崩落して、付近を通行していたCが負傷した。甲家屋の外壁の設置または管理,"['意思表示', '相続']",不法行為,100,工作物責任は民法717条の不法行為責任であるため,auto_reclassify
312,2021,49,"以下の公的役職の任命に関する次のア～オの記述のうち、誤っているものの組合せはどれか。
ア．内閣法制局長官は、両議院の同意を得て内閣が任命する。
イ．日本銀行総裁","['政治', '経済']",内閣,100,公的役職の任命は内閣の権限に関する憲法上の問題,auto_reclassify
313,2021,50,"いわゆる「ふるさと納税」に関する次のア～オの記述のうち、誤っているものの組合せはどれか。
ア．ふるさと納税とは、居住する自治体に住民税を納めずに、自分が納付した",['情報通信'],地方公共団体の組織,85,ふるさと納税は地方自治体の財政運営と国の関与に関する制度であり、地方自治法の「地方公共団体の組織」が最も包括的。,auto_reclassify
314,2021,51,国際収支に関する次の記述のうち、誤っているものはどれか。,"['政治', '情報通信']",経済,100,国際収支は一般知識の経済分野の重要概念,auto_reclassify
315,2021,52,"エネルギー需給動向やエネルギー政策に関する次のア～オの記述のうち、妥当なものの組合せはどれか。
ア．2010年代後半の日本では、一次エネルギーの7割以上を化石エ","['政治', '情報通信']",経済,100,エネルギー需給、価格、国際経済動勢に関する記述のため。,auto_reclassify
316,2021,53,先住民族に関する次の記述のうち、妥当でないものはどれか。,['情報通信'],人権総論,100,先住民族の権利は人権総論で扱う複合的テーマ,auto_reclassify
317,2021,54,ジェンダーやセクシュアリティに関する次の記述のうち、妥当でないものはどれか。,"['個人情報保護', '文章理解']",法の下の平等,100,ジェンダー・セクシュアリティは法の下の平等の主要論点。,auto_reclassify
318,2021,55,"次の文章の空欄［ Ⅰ ］～［ Ⅴ ］には、それぞれあとのア～コのいずれかの語句が入る。その組合せとして妥当なものはどれか。
「顔認識（facial recogn",['文章理解'],個人情報保護,100,問題文が個人情報保護法と要配慮個人情報に明確に言及しているため。,auto_reclassify
319,2021,56,国土交通省自動車局による自動運転ガイドラインに定められた車両の自動運転化の水準（レベル）に関する次の記述のうち、妥当でないものはどれか。,"['情報通信', '文章理解']",行政立法,95,行政機関が定めるガイドラインは行政規則に分類されるため,auto_reclassify
320,2021,57,国の行政機関の個人情報保護制度に関する次の記述のうち、正しいものはどれか。,"['政治', '文章理解']",個人情報保護,100,問題文の制度名がトピックと完全に一致,auto_reclassify
81,2022,4,基本的人権に関する次の記述のうち、最高裁判所の判例の趣旨に照らし、妥当でないものはどれか。,"['精神的自由', '経済的自由']",人権総論,100,問題文が「基本的人権」と総括的に問うため。,auto_reclassify
83,2022,6,司法権・違憲審査に関する次の記述のうち、最高裁判所の判例の趣旨に照らし、妥当でないものはどれか。,"['国会', '内閣']",裁判所,100,司法権の主体である裁判所の権能に関する問題,auto_reclassify
84,2022,7,（令和4年度 問7）基本的人権に関する次の記述のうち、最高裁判所の判例に照らし、妥当でないものはどれか。,"['内閣', '裁判所']",人権総論,100,特定の自由権に限定せず、人権全般の判例を問うため。,auto_reclassify
86,2022,9,行政立法・行政規則に関する次のア～オの記述のうち、妥当なものの組合せはどれか。,"['法律による行政の原理', '行政裁量']",行政立法,100,行政立法・行政規則が直接のテーマ,auto_reclassify
88,2022,12,行政手続法が定める申請・不利益処分に関する次の記述のうち、正しいものはどれか。,"['不利益処分', '聴聞']",申請に対する処分,95,行政手続法の申請・不利益処分は中核。申請が先に来るため。,auto_reclassify
89,2022,13,行政手続法が定める行政指導・意見公募に関する次の記述のうち、正しいものはどれか。,"['行政指導', '審査請求']",意見公募手続,95,問題文が行政手続法に限定し、意見公募手続は同法固有の制度であるため。,auto_reclassify
91,2022,15,行政不服審査法が定める審理員・裁決に関する次の記述のうち、正しいものはどれか。,"['審査請求', '取消訴訟']",裁決,90,審理員はプロセス、裁決は最終結果であり、より重要,auto_reclassify
92,2022,16,行政不服審査法が定める再調査の請求に関する次の記述のうち、正しいものはどれか。,"['取消訴訟', '義務付け訴訟']",審査請求,100,再調査の請求は審査請求と並ぶ不服申立制度,auto_reclassify
93,2022,17,行政事件訴訟法が定める取消訴訟に関する次の記述のうち、正しいものはどれか。,"['義務付け訴訟', '国家賠償（1条）']",取消訴訟,100,行政事件訴訟法の取消訴訟が主題,auto_reclassify
95,2022,19,行政事件訴訟法が定める当事者訴訟・その他に関する次の記述のうち、正しいものはどれか。,"['国家賠償（1条）', '長の権限']",当事者訴訟,100,問題文が行政事件訴訟法の当事者訴訟を明示しているため。,auto_reclassify
96,2022,20,国家賠償法1条責任に関する次の記述のうち、最高裁判所の判例に照らし、妥当なものはどれか。,"['国家賠償（2条）', '直接請求']",国家賠償（1条）,100,問題文が国家賠償法1条責任を明記しているため,auto_reclassify
97,2022,21,国家賠償法2条責任・損失補償に関する次の記述のうち、最高裁判所の判例に照らし、妥当なものはどれか。,"['地方公共団体の組織', '住民監査請求・住民訴訟']",国家賠償（2条）,90,国賠法2条と損失補償が並列だが、2条が法律名に直結し、問題文の先頭にあるため。,auto_reclassify
268,2022,25,"次に掲げる国家行政組織法の条文の空欄［ ア ］～［ オ ］に当てはまる語句の組合せとして、妥当なものはどれか。
第1条　この法律は、内閣の統轄の下における行政機",['行政行為'],内閣,95,国家行政組織法は内閣の統轄下に行政機関を組織する法律であり、内閣の機能と密接に関連する。,auto_reclassify
269,2022,26,国籍と住民としての地位に関する次の記述のうち、法令に照らし、妥当なものはどれか。,"['法律による行政の原理', '行政行為']",参政権,95,国籍と住民の地位は参政権、特に外国人の地方参政権の議論で不可欠な要素。,auto_reclassify
98,2022,27,物権に関する次の記述のうち、民法の規定に照らし、正しいものはどれか。,['意思表示'],物権変動,95,物権の得喪変更に関する総論的テーマ,auto_reclassify
99,2022,28,債権総論に関する次の記述のうち、民法の規定および判例に照らし、妥当なものはどれか。,['代理'],債務不履行,90,「債権総論に関する」とあるため、その下位項目から最も代表的な「債務不履行」を選択。,auto_reclassify
100,2022,29,債権各論に関する次の記述のうち、民法の規定に照らし、正しいものはどれか。,['物権変動'],契約総論,100,債権各論の総論的側面を問う問題に対応,auto_reclassify
101,2022,30,担保物権に関する次の記述のうち、民法の規定および判例に照らし、妥当なものはどれか。,"['抵当権', '留置権']",担保物権総論,100,担保物権全体を問うため総論が最適,auto_reclassify
110,2022,39,会社法に規定する資金調達・組織再編に関する次の記述のうち、正しいものはどれか。,"['株式会社の設立', '持分会社']",資金調達,95,「資金調達・組織再編」のうち、資金調達が先に来ているため、より直接的な「資金調達」を選択。組織再編も含まれるが、最も具体的な一つを選ぶ指示に従う。,auto_reclassify
270,2022,40,"会計参与に関する次のア～オの記述のうち、会社法の規定に照らし、正しいものの組合せはどれか。
ア．公開会社である大会社は、会計参与を置いてはならない。
イ．公開会","['株式', '持分会社']",機関（監査役等）,98,会計参与は会社の機関であり、監査役等と同様に計算に関わる機関であるため。,auto_reclassify
271,2022,41,"次の文章の空欄［ ア ］～［ エ ］に当てはまる語句を、枠内の選択肢（1～20）から選びなさい。



［ ア ］の争訟は、①当事者間の具体的な権利義務ないし法","['人権総論', '精神的自由']",裁判所,100,法律上の争訟、司法審査の限界、国会・地方議会の自律権と裁判所の関係を問う判例問題であるため。,auto_reclassify
272,2022,42,"次の文章の空欄［ ア ］～［ エ ］に当てはまる語句を、枠内の選択肢（1～20）から選びなさい。



行政機関の保有する情報の公開に関する法律（行政機関情報公",['行政行為'],審査請求,98,情報公開法に基づく処分への不服審査手続きが中心。,auto_reclassify
273,2022,43,"次の文章の空欄［ ア ］～［ エ ］に当てはまる語句を、枠内の選択肢（1～20）から選びなさい。



国家補償制度は、国家賠償と損失補償によって構成されるが、","['行政行為', '行政裁量']",損失補償,95,国家賠償と損失補償の両方を扱い、特に損失補償の対象範囲の議論が「国家補償の谷間」の核心をなすため。,auto_reclassify
274,2022,44,開発事業者であるAは、建築基準法に基づき、B市建築主事から建築確認を受けて、マンションの建築工事を行い、工事完成後、Aは当該マンションの建物につき、検査の上、検,['行政行為'],取消訴訟,100,建築確認の違法性を争う隣地住民の訴訟は取消訴訟の典型例。,auto_reclassify
276,2022,46,Aは、工場を建設するために、Bから、Bが所有する甲土地（更地）を、賃貸借契約締結の日から賃借期間30年と定めて賃借した。ただし、甲土地の貸借権の登記は、現在に至,"['意思表示', '契約総論']",賃貸借,100,賃貸借契約の成立、登記の有無、第三者妨害、賃貸人の義務が問われているため,auto_reclassify
280,2022,50,"郵便局に関する次のア～オの記述のうち、妥当でないものの組合せはどれか。
ア．郵便局は全国で2万か所以上あり、その数は全国のコンビニエンスストアの店舗数より多い。",['情報通信'],社会,100,郵便局の事業・サービスに関する一般知識問題,auto_reclassify
281,2022,51,"次の文章の空欄［ ア ］～［ カ ］に当てはまる国名の組合せとして、正しいものはどれか。
「国内総生産（GDP）」は、国の経済規模を表す指標である。GDPは一国","['政治', '情報通信']",経済,100,GDPは経済指標であり、経済分野に属する。,auto_reclassify
282,2022,52,"日本の森林・林業に関する次のア～オの記述のうち、妥当なものの組合せはどれか。
ア．日本の森林率は中国の森林率より高い。
イ．日本の森林には、国が所有する国有林と","['政治', '情報通信']",社会,98,森林・林業の社会経済状況と政策に関する問題,auto_reclassify
283,2022,53,アメリカ合衆国における平等と差別に関する次の記述のうち、妥当でないものはどれか。,['情報通信'],法の下の平等,100,問題文の「平等と差別」が「法の下の平等」に直接対応するため。,auto_reclassify
284,2022,54,"次の文章の空欄［ ア ］～［ オ ］に当てはまる語句の組合せとして、妥当なものはどれか。
地球環境問題を解決するためには、国際的な協力体制が不可欠である。197","['個人情報保護', '文章理解']",社会,100,国際的な環境問題は一般知識の社会に該当,auto_reclassify
285,2022,55,"次の文章の空欄［Ⅰ］～［Ⅴ］には、それぞれあとのア～コのいずれかの語句が入る。その組合せとして妥当なものはどれか。
人工知能（AI）という言葉は定義が難しく、定",['文章理解'],情報通信,100,AIの定義、応用、技術的背景は情報通信分野に該当,auto_reclassify
287,2022,57,個人情報保護制度に関する次の記述のうち、正しいものはどれか。,"['政治', '文章理解']",個人情報保護,100,「個人情報保護制度」を問う問題であり、直接の項目があるため。,auto_reclassify
45,2023,2,"法人等に関する次のア～オの記述のうち、妥当なものの組合せはどれか。
ア．いわゆる「権利能力なき社団」は、実質的には社団法人と同様の実態を有するが、法人格がないた","['法の解釈', '裁判制度']",権利能力・意思能力・行為能力,100,権利能力なき社団や各種法人の権利能力・性質に関する問題であるため。,auto_reclassify
48,2023,5,（令和5年度 問5）基本的人権に関する次の記述のうち、最高裁判所の判例に照らし、妥当でないものはどれか。,"['社会権', '国会']",人権総論,100,個別の権利ではなく、基本的人権の総論的理解を問う問題,auto_reclassify
49,2023,6,違憲審査権に関する次の記述のうち、最高裁判所の判例に照らし、妥当なものはどれか。,['国会'],裁判所,100,憲法81条に規定される裁判所の核心的権能であるため。,auto_reclassify
54,2023,11,（令和5年度 問11）行政行為の効力に関する次の記述のうち、妥当なものはどれか。,"['申請に対する処分', '不利益処分']",行政行為,100,行政行為の効力は行政行為の主要論点,auto_reclassify
239,2023,23,地方自治法（以下「法」という。）が定める直接請求に関する次の記述のうち、正しいものはどれか。なお、以下「選挙権」とは、「普通地方公共団体の議会の議員及び長の選挙,"['地方公共団体の組織', '住民監査請求・住民訴訟']",直接請求,100,地方自治法における直接請求制度に関する問題であるため。,auto_reclassify
241,2023,25,空港や航空関連施設をめぐる裁判に関する次の記述のうち、最高裁判所の判例に照らし、妥当なものはどれか。,['行政行為'],裁判所,95,空港訴訟判例は人権制約と司法審査の限界を扱う,auto_reclassify
242,2023,26,地方公共団体に対する法律の適用に関する次の説明のうち、妥当なものはどれか。,"['行政行為', '物権変動']",地方公共団体の組織,100,地方公共団体の法的地位や法律適用は組織論の一部。,auto_reclassify
68,2023,30,AがBに対して金銭債権（以下「甲債権」という。）を有し、BがAに対して金銭債権（以下「乙債権」という。）を有する場合において、相殺に関する次の記述のうち、民法の,"['所有権', '債務不履行']",債権の消滅,100,問題は相殺を問う。相殺は債権の消滅原因の一つであるため。,auto_reclassify
70,2023,32,委任に関する次の記述のうち、民法の規定および判例に照らし、妥当でないものはどれか。,"['債権者代位権', '契約総論']",委任,100,民法の「委任」契約に関する問題であり、最も具体的で直接的な項目。,auto_reclassify
73,2023,35,不当利得に関する次の記述のうち、民法の規定および判例に照らし、妥当なものはどれか。,"['意思表示', '不法行為']",不当利得,100,「不当利得」が問題文で直接指定されているため,auto_reclassify
243,2023,40,会計参与と会計監査人の差異に関する次の記述のうち、会社法の規定に照らし、誤っているものはどれか。,"['株式', '持分会社']",機関（監査役等）,95,会計参与・会計監査人は会社の機関であり、特に後者は「監査役等」に含まれるため。,auto_reclassify
244,2023,41,"次の文章の空欄［ ア ］～［ エ ］に当てはまる語句を、枠内の選択肢（1～20）から選びなさい。


表現行為に対する事前抑制は、新聞、雑誌その他の出版物や放送","['人権総論', '行政行為']",精神的自由,100,表現の自由は精神的自由権の中核であり、本判例はその重要論点。,auto_reclassify
245,2023,42,"次の文章の空欄［ ア ］～［ エ ］に当てはまる語句を、枠内の選択肢（1～20）から選びなさい。


公営住宅法は、国及び地方公共団体が協力して、健康で文化的な","['行政行為', '行政立法']",公の施設,100,公営住宅は公の施設の典型例であり、その法的性質を問う問題であるため。,auto_reclassify
246,2023,43,"次の文章の空欄［ ア ］～［ エ ］に当てはまる語句を、枠内の選択肢（1～20）から選びなさい。


処分の取消しの訴え（行政事件訴訟法3条2項）には出訴期間の","['行政行為', '意思表示']",無効等確認訴訟,100,取消訴訟の限界から無効等確認訴訟への展開が主題。,auto_reclassify
248,2023,45,AがBに対して100万円の金銭債権を有し、BがCに対して100万円の金銭債権を有している場合において、AがBの権利を行使して、Cに100万円を直接自己に支払うよ,"['意思表示', '代理']",債権者代位権,100,債権者が債務者の権利を代位行使する制度そのもの,auto_reclassify
251,2023,48,日本のテロ（テロリズム）対策に関する次の記述のうち、妥当でないものはどれか。,"['政治', '経済']",社会,95,テロ対策は社会全体の安全保障に関わる広範な課題であるため,auto_reclassify
253,2023,50,"日本の法人課税に関する次のア～オの記述のうち、妥当なものの組合せはどれか。
ア．法人税は法人の所得に対して課税する所得課税であり、企業の所得水準に応じて税率が決","['政治', '情報通信']",経済,95,法人税制、国際課税（BEPS）は経済分野の重要論点。,auto_reclassify
254,2023,51,日本の金融政策に関する次の記述のうち、妥当なものはどれか。,"['政治', '情報通信']",経済,100,問題文が直接的に経済学の概念である金融政策を問うているため。,auto_reclassify
255,2023,52,日本における平等と差別に関する次の記述のうち、妥当でないものはどれか。,"['政治', '情報通信']",法の下の平等,100,「平等と差別」は憲法「法の下の平等」そのもの。,auto_reclassify
256,2023,53,日本の社会保障、社会福祉に関する次の記述のうち、妥当なものはどれか。,['情報通信'],社会権,100,憲法25条生存権を基盤とするため,auto_reclassify
257,2023,54,"日本における行政のデジタル化に関する次のア～オの記述のうち、妥当でないものの組合せはどれか。
ア．RPAとはRobotic Process Automation","['個人情報保護', '文章理解']",情報通信,100,行政のデジタル化に関する情報通信技術が主題,auto_reclassify
258,2023,55,情報通信用語に関する次の記述のうち、妥当でないものはどれか。,['文章理解'],情報通信,100,問題文が「情報通信用語」と明示しているため,auto_reclassify
259,2023,56,"インターネットに関する次の文章の空欄［　　　］にあてはまる語句として、妥当なものはどれか。
2004年に始まったグーグルのGメールはなぜ、［　　　］を生成するた","['情報通信', '文章理解']",個人情報保護,100,インターネット企業による個人情報利用とプライバシー侵害がテーマ。,auto_reclassify
260,2023,57,"個人情報に関する次のア～エの記述のうち、妥当なものの組合せはどれか。
ア．ある情報を他の情報と組み合わせることによって、不開示規定により守られるべき不開示情報が","['政治', '文章理解']",個人情報保護,100,問題文が個人情報保護法、GDPR、法改正を直接問うため。,auto_reclassify
2,2024,2,訴訟の手続の原則に関する次の記述のうち、妥当でないものはどれか。,['裁判制度'],裁判所,100,訴訟の原則は憲法上の裁判所の機能と密接に関連する。,auto_reclassify
3,2024,3,人格権と夫婦同氏制に関する次の記述のうち、最高裁判所の判例の趣旨に照らし、妥当でないものはどれか。,['精神的自由'],法の下の平等,98,夫婦同氏制の合憲性判例は平等原則が核心,auto_reclassify
4,2024,4,インターネット上の検索サービスにおいて、ある人物Xの名前で検索をすると、Xの過去の逮捕歴に関する記事等が表示される。Xは、この検索事業者に対して、検索結果である,"['法の下の平等', '経済的自由']",精神的自由,100,忘れられる権利はプライバシーと表現の自由の衝突であり、精神的自由の範疇。,auto_reclassify
5,2024,5,教育に関する次の記述のうち、最高裁判所の判例に照らし、妥当でないものはどれか。,"['人権総論', '国会']",精神的自由,95,教育に関する判例は精神的自由の範疇で論じられることが多い,auto_reclassify
6,2024,6,選挙制度の形成に関する国会の裁量についての次の記述のうち、最高裁判所の判例の趣旨に照らし、妥当でないものはどれか。,"['国会', '裁判所']",参政権,100,選挙制度は参政権の具体化であり、国会の裁量と判例が論点。,auto_reclassify
7,2024,7,国会議員の地位・特権に関する次の記述のうち、妥当なものはどれか。,['内閣'],国会,100,国会議員の地位・特権は国会の章で規定される,auto_reclassify
10,2024,10,行政法における一般原則に関する最高裁判所の判例について説明する次の記述のうち、妥当なものはどれか。,"['行政裁量', '行政立法']",法律による行政の原理,98,「一般原則」を最も包括的に表すため,auto_reclassify
11,2024,11,会社Xは、宅地建物取引業法に基づく免許を受けて不動産取引業を営んでいる。Xの代表取締役Aが交通事故を起こし、自動車運転過失傷害の罪で懲役1年、執行猶予4年の刑を,['申請に対する処分'],不利益処分,100,免許取消しは不利益処分であり、行政手続法の適用を問うているため。,auto_reclassify
13,2024,13,行政手続法における審査基準及び処分基準に関する次の記述のうち、妥当なものはどれか。,"['意見公募手続', '審査請求']",申請に対する処分,95,審査基準は申請に対する処分に、処分基準は不利益処分に関連するが、申請に対する処分がより包括的で頻出。,auto_reclassify
15,2024,15,行政不服審査法に関する次のア～オの記述のうち、妥当なものの組合せはどれか。,"['裁決', '取消訴訟']",審査請求,100,行政不服審査法の根幹をなす手続きであるため。,auto_reclassify
16,2024,16,行政不服審査法と行政事件訴訟法における教示制度に関する次のア～オの記述のうち、妥当でないものの組合せはどれか。,"['審査請求', '義務付け訴訟']",教示,100,問題文の「教示制度」がトピック名と完全に一致,auto_reclassify
19,2024,19,国家賠償法1条に基づく責任に関する次の記述のうち、最高裁判所の判例に照らし、妥当なものはどれか。,"['当事者訴訟', '国家賠償（2条）']",国家賠償（1条）,100,国家賠償法1条に特化した問題,auto_reclassify
21,2024,21,国家賠償法1条に基づく責任に関する次の記述のうち、最高裁判所の判例に照らし、妥当なものはどれか。,"['国家賠償（2条）', '直接請求']",国家賠償（1条）,100,問題文が国家賠償法1条を明示しているため,auto_reclassify
24,2024,24,"普通地方公共団体の条例または規則に関する次の記述のうち、地方自治法の定めに照らし、妥当なものはどれか。



普通地方公共団体の長が規則を定めるのは、法律または","['当事者訴訟', '長の権限']",地方公共団体の組織,95,条例・規則は地方公共団体の組織が持つ立法権の核心であるため。,auto_reclassify
25,2024,25,"公立学校をめぐる裁判に関する次のア～オの記述のうち、最高裁判所の判例に照らし、妥当なものの組合せはどれか。



ア．公立高等専門学校の校長が学生に対し原級留置","['行政行為', '長の権限']",行政裁量,100,ア・イ・ウの各肢が行政裁量に関する判例知識を問うため。,auto_reclassify
26,2024,26,公文書等の管理に関する法律に関する次の記述のうち、妥当でないものはどれか。,['行政行為'],社会,85,公文書管理法は行政の透明性・説明責任に関わる社会分野の法律,auto_reclassify
27,2024,27,失踪の宣告に関する次の記述のうち、民法の規定および判例に照らし、妥当なものはどれか。,['意思表示'],権利能力・意思能力・行為能力,100,失踪宣告は人の権利能力の終期に関わるため,auto_reclassify
28,2024,28,無効および取消しに関する次の記述のうち、民法の規定に照らし、誤っているものはどれか。,['代理'],無効・取消し,100,問題文の「無効および取消し」とトピックが直接合致,auto_reclassify
29,2024,29,甲土地（以下「甲」という。）を所有するAが死亡して、その子であるBおよびCについて相続が開始した。この場合に関する次の記述のうち、民法の規定および判例に照らし、,"['時効', '物権変動']",相続,100,問題文が相続の開始と法律関係を問うため,auto_reclassify
31,2024,31,AがBから金銭を借り受け、CがAの貸金債務を保証した。次の記述のうち、民法の規定に照らし、誤っているものはどれか。,"['抵当権', '債務不履行']",多数当事者の債権債務,100,主債務者と保証人という多数当事者の債務関係であるため。,auto_reclassify
32,2024,32,A所有の動産甲（以下「甲」という）を、BがCに売却する契約（以下「本件契約」という）に関する次の記述のうち、民法の規定および判例に照らし、妥当なものはどれか。,"['債務不履行', '契約総論']",売買,100,問題文が「売却する契約」と明示しており、売買契約に関する問題であるため。,auto_reclassify
33,2024,33,組合に関する次の記述のうち、民法の規定に照らし、正しいものはどれか。,"['多数当事者の債権債務', '不法行為']",契約総論,95,組合は典型契約であり、契約総論の知識が前提となるため,auto_reclassify
39,2024,37,（令和6年度 問37）株式会社に関する次の記述のうち、会社法の規定に照らし、正しいものはどれか。,"['株式会社の設立', '株式']",機関（取締役・取締役会）,90,株式会社の業務執行の中核をなすため,auto_reclassify
40,2024,38,（令和6年度 問38）株式会社に関する次の記述のうち、会社法の規定に照らし、正しいものはどれか。,['機関（取締役・取締役会）'],株式,90,「株式会社に関する」と広範な問いに対し、その本質である「株式」が最も適切。,auto_reclassify
41,2024,39,（令和6年度 問39）株式会社に関する次の記述のうち、会社法の規定に照らし、正しいものはどれか。,"['株式会社の設立', '機関（株主総会）']",機関（取締役・取締役会）,90,株式会社の業務執行の中核を担い、出題頻度も高い。,auto_reclassify
42,2024,40,（令和6年度 問40）株式会社に関する次の記述のうち、会社法の規定に照らし、正しいものはどれか。,"['組織再編', '持分会社']",機関（取締役・取締役会）,95,業務執行機関で出題頻度が高い,auto_reclassify
43,2024,41,次の文章は、婚外子の法定相続分を嫡出である子の1/2と定めていた民法規定（以下「本件規定」という）を違憲とした最高裁判所の決定の一部である。空欄［ ア ］～［ ,"['法の下の平等', '地方公共団体の組織', '役員等の責任']",裁判所,95,最高裁の違憲判断の効力と法的安定性の調和は裁判所の機能論。,auto_reclassify
222,2024,43,"次の文章の空欄［ ア ］～［ エ ］にあてはまる語句を、枠内の選択肢（1～20）から選びなさい。


参議院の総議員の1/4以上である72名の議員は、平成29年","['行政行為', '相続']",国会,100,憲法53条後段の国会召集要求権は国会の機能に関する問題であるため。,auto_reclassify
38,2024,45,Aは、海外からコーヒー豆を輸入して国内の卸売業者に販売する事業を営んでいる。Aは、卸売業者Bにコーヒー豆1トン（以下「甲」という）を販売し、甲は、B所有の倉庫内,"['債務不履行', '親族']",先取特権,100,動産売買代金債権と他の債権者との関係で先取特権が最も適切。,auto_reclassify
223,2024,46,Aは、Bとの間で、BがCから購入した甲土地を買い受ける契約を締結し、Bに対して代金全額を支払ったが、甲の登記名義はいまだCのままである。BC間の売買において、C,"['意思表示', '物権変動']",債権者代位権,100,AがBの債権者としてBのCに対する登記請求権を代位行使する問題,auto_reclassify
224,2024,47,日本の選挙制度に関する次の記述のうち、妥当なものはどれか。,['政治'],参政権,100,国民の政治参加の権利である参政権の行使方法を定めるのが選挙制度であるため。,auto_reclassify
227,2024,50,"日本における外国人に関する次のア～オの記述のうち、妥当なものの組合せはどれか。
ア．外国籍の生徒も全国高等学校体育連盟や日本高等学校野球連盟が主催する大会に参加",['情報通信'],人権総論,95,外国人の権利義務、入管、公務員就任、国家賠償など、人権総論の論点を含むため。,auto_reclassify
228,2024,51,日本の地方自治に関する次の記述のうち、妥当でないものはどれか。,"['政治', '情報通信']",地方公共団体の組織,95,地方自治法の根幹である組織に関する問題と解釈。,auto_reclassify
233,2024,56,行政機関の保有する情報の公開に関する法律に関する次の記述のうち、正しいものはどれか。,['文章理解'],個人情報保護,100,情報公開法と個人情報保護法は試験でセット出題されるため,auto_reclassify
234,2024,57,次の文章は、ある人物の著作に関する説明であるが、空欄ア～オに当てはまる語句の組合せとして最も適当なものはどれか。,"['政治', '文章理解']",法の分類・効力,90,法学者の著作は法の基礎概念を論じることが多く、分類・効力はその根幹であるため。,auto_reclassify
599,2025,2,裁判員制度に関する次の記述のうち、裁判員法＊の規定に照らし、誤っているものはどれか。,['裁判制度'],裁判所,100,裁判員制度は司法権の主体である裁判所の構成に関する制度であるため。,auto_reclassify
604,2025,11,行政手続法が定める弁明の機会の付与に関する次の記述のうち、妥当なものはどれか。,['申請に対する処分'],弁明の機会の付与,100,行政手続法の弁明の機会の付与が直接問われているため。,auto_reclassify
617,2025,13,令和7年度 問13 問題文(準備中),['申請に対する処分'],人権総論,75,憲法の人権総論が頻出のため,review
618,2025,14,令和7年度 問14 問題文(準備中),['審査請求'],行政行為,70,行政法総論の核、行政書士試験頻出テーマ,review
634,2025,30,令和7年度 問30 問題文(準備中),['物権変動'],法の分類・効力,80,問題文がないため、最も基礎的な法学概念を選択,review
605,2025,44,議事に加わった委員の一人が利害関係を有する者であるという手続上の瑕疵に対し、誰を被告としてどのような抗告訴訟を提起すべきか。,['裁決'],取消訴訟,100,手続瑕疵に対する典型的な抗告訴訟は取消訴訟であり、被告適格も重要論点。,auto_reclassify
607,2025,46,消防署に通報し消火活動を開始した場合、どのような法的根拠に基づき継続し、消火器費用をどのような性質のものとして請求できるか。,['事務管理'],行政行為,90,消火活動の命令や費用徴収は行政行為であるため,auto_reclassify
608,2025,57,個人情報保護制度に関する次の記述のうち、妥当なものはどれか。,['情報通信'],個人情報保護,100,個人情報保護制度を直接問うているため,auto_reclassify
609,2025,58,(問題文不明：著作権保護のため),['文章理解'],行政行為,90,義務履行確保の手段は行政行為の一種であるため,auto_reclassify
611,2025,60,(問題文不明：著作権保護のため),['文章理解'],行政行為,90,義務履行確保の手段は行政行為の一種であるため,auto_reclassify
